{
    "SOEC_System": 11520000.0,
    "PEM_System": 5000243.45342998,
    "SOEC_H2_Intercooler_1_fan": 316983.67346938775,
    "SOEC_H2_Intercooler_2_fan": 316983.67346938775,
    "SOEC_H2_Intercooler_3_fan": 316983.67346938775,
    "SOEC_H2_Intercooler_4_fan": 316983.67346938775,
    "SOEC_H2_Intercooler_5_fan": 316983.67346938775,
    "SOEC_H2_Intercooler_6_fan": 316983.67346938775,
    "SOEC_Steam_Compressor_1": 302919.31005900766,
    "SOEC_Steam_Compressor_2": 215079.54547144423,
    "LP_Compressor_S1": 208401.96499153468,
    "SOEC_H2_Compressor_S1": 194096.79039086835,
    "SOEC_H2_Compressor_S4": 135833.47804234666,
    "SOEC_H2_Compressor_S3": 135594.28090850983,
    "SOEC_H2_Compressor_S2": 135367.9509297412,
    "SOEC_H2_Compressor_S5": 134124.19912916538,
    "SOEC_H2_Compressor_S6": 133727.61472593222,
    "ATR_O2_Compressor": 125039.72664255192,
    "ATR_H2_Compressor_1": 120894.15212178974,
    "LP_Intercooler_1_fan": 88051.02040816327,
    "HP_Intercooler_2_fan": 88051.02040816327,
    "HP_Intercooler_3_fan": 88051.02040816327,
    "HP_Intercooler_4_fan": 88051.02040816327,
    "Biogas_Compressor_3": 59455.18597809277,
    "Biogas_Compressor_1": 54513.8552720688,
    "Biogas_Compressor_2": 53647.21577110017,
    "HP_Compressor_S4": 48524.77978961337,
    "HP_Compressor_S5": 48523.24327250949,
    "HP_Compressor_S2": 46165.24333899671,
    "HP_Compressor_S3": 45842.488377768146,
    "SOEC_H2_Chiller_1_electrical": 39632.77460826496,
    "ATR_H2_Compressor_2": 38535.418569446236,
    "SOEC_H2_DryCooler_1_fan": 17610.20408163265,
    "PEM_H2_DryCooler_1_fan": 17610.20408163265,
    "ATR_DryCooler_fan": 17610.20408163265,
    "ATR_H2_Drycooler_fan": 17610.20408163265,
    "H2_Production_Cooler_fan": 17610.20408163265,
    "ATR_Chiller_1_electrical": 16296.870298614645,
    "SOEC_O2_compressor_1": 15239.78787305739,
    "SOEC_O2_compressor_2": 15233.562396256117,
    "SOEC_O2_compressor_3": 15222.708811999115,
    "SOEC_O2_compressor_4": 12915.416116795364,
    "SOEC_H2_Chiller_2_electrical": 10940.16641711434,
    "PEM_Water_Pump": 6011.5910301064,
    "PEM_H2_Chiller_2_electrical": 2843.2530557023374,
    "SOEC_O2_Drycooler_1_fan": 2416.326530612245,
    "SOEC_O2_Drycooler_2_fan": 2416.326530612245,
    "SOEC_O2_Drycooler_3_fan": 2416.326530612245,
    "SOEC_O2_Drycooler_4_fan": 2416.326530612245,
    "SOEC_Steam_Drycooler_fan": 2416.326530612245,
    "PEM_O2_Drycooler_1_fan": 2416.326530612245,
    "Biogas_Intercooler_1_fan": 2416.326530612245,
    "Biogas_Intercooler_2_fan": 2416.326530612245,
    "PEM_H2_Chiller_1_electrical": 2022.7521258730876,
    "PEM_O2_Chiller_1_electrical": 1127.048105986637,
    "ATR_Feed_Pump": 927.9070144871635,
    "ATR_Drain_Pump_1": 150.91105134719913,
    "SOEC_Feed_Pump": 71.28709752208984,
    "SOEC_Drain_Pump": 56.48661347416966,
    "ATR_Drain_Pump_2": 14.43197107572768,
    "SOEC_DRAIN_PUMP_2": 2.492155557847843,
    "SOEC_DRAIN_PUMP_1": 2.226519989219957
}